[
    {
        "pk": 1, 
        "model": "whatsgoodly.university", 
        "fields": {
            "name": "Boston College", 
            "name_short": "BC", 
            "radius": "1.207", 
            "email_domain": "@bc.edu",
            "location": "POINT (-71.1684945 42.3355488)"
        }
    }, 
    {
        "pk": 2, 
        "model": "whatsgoodly.university", 
        "fields": {
            "name": "Boston University", 
            "name_short": "BU", 
            "radius": "1.368", 
            "email_domain": "@bu.edu", 
            "location": "POINT (-71.1053991 42.3504997)"
        }
    }, 
    {
        "pk": 3, 
        "model": "whatsgoodly.university", 
        "fields": {
            "name": "British Columbia University", 
            "name_short": "BCU", 
            "radius": "2.092", 
            "email_domain": "@unbc.ca",
            "location": "POINT (-123.2436 49.2577)"
        }
    }, 
    {
        "pk": 4, 
        "model": "whatsgoodly.university", 
        "fields": {
            "name": "Chapman University", 
            "name_short": "Chapman", 
            "radius": "0.404", 
            "email_domain": "@chapman.edu", 
            "location": "POINT (-117.8512329 33.7924424)"
        }
    }, 
    {
        "pk": 5, 
        "model": "whatsgoodly.university", 
        "fields": {
            "name": "Cornell University", 
            "name_short": "Cornell", 
            "radius": "2.012", 
            "email_domain": "@cornell.edu",
            "location": "POINT (-76.4735027 42.4534492)"
        }
    }, 
    {
        "pk": 6, 
        "model": "whatsgoodly.university", 
        "fields": {
            "name": "Duke University", 
            "name_short": "Duke", 
            "radius": "2.575", 
            "email_domain": "@duke.edu",
            "location": "POINT (-78.9382286 36.0014258)" 
        }
    }, 
    {
        "pk": 7, 
        "model": "whatsgoodly.university", 
        "fields": {
            "name": "George Washington University", 
            "name_short": "GW", 
            "radius": "0.483", 
            "email_domain": "@gwu.edu",
            "location": "POINT (-77.0485992 38.8997145)" 
        }
    }, 
    {
        "pk": 8, 
        "model": "whatsgoodly.university", 
        "fields": {
            "name": "Georgetown University", 
            "name_short": "Georgetown", 
            "radius": "0.644", 
            "email_domain": "@georgetown.edu",
            "location": "POINT (-77.0722585 38.9076089)" 
        }
    }, 
    {
        "pk": 9, 
        "model": "whatsgoodly.university", 
        "fields": {
            "name": "Harvard University", 
            "name_short": "Harvard", 
            "radius": "0.483", 
            "email_domain": "@harvard.edu",
            "location": "POINT (-71.1166601 42.3770029)" 
        }
    }, 
    {
        "pk": 10, 
        "model": "whatsgoodly.university", 
        "fields": {
            "name": "Indiana University", 
            "name_short": "IU", 
            "radius": "1.932", 
            "email_domain": "@iu.edu", 
            "location": "POINT (-86.5149053 39.1691355)"
        }
    }, 
    {
        "pk": 11, 
        "model": "whatsgoodly.university", 
        "fields": {
            "name": "Johns Hopkins University", 
            "name_short": "JHU", 
            "radius": "0.805", 
            "email_domain": "@jhu.edu", 
            "location": "POINT (-76.6205177 39.3299013)"
        }
    }, 
    {
        "pk": 12, 
        "model": "whatsgoodly.university", 
        "fields": {
            "name": "Northwestern", 
            "name_short": "Northwestern", 
            "radius": "0.805", 
            "email_domain": "@northwestern.edu",
            "location": "POINT (-87.675267 42.0564594)"
        }
    }, 
    {
        "pk": 13, 
        "model": "whatsgoodly.university", 
        "fields": {
            "name": "Ohio State University", 
            "name_short": "OSU", 
            "radius": "2.817", 
            "email_domain": "@osu.edu",
            "location": "POINT (-83.0309143 40.0141905)"
        }
    }, 
    {
        "pk": 14, 
        "model": "whatsgoodly.university", 
        "fields": {
            "name": "Princeton University", 
            "name_short": "Princeton", 
            "radius": "1.288", 
            "email_domain": "@princeton.edu", 
            "location": "POINT (-74.6514481 40.3439888)"
        }
    }, 
    {
        "pk": 15, 
        "model": "whatsgoodly.university", 
        "fields": {
            "name": "San Diego State University", 
            "name_short": "SDSU", 
            "radius": "0.966", 
            "email_domain": "@sdsu.edu", 
            "location": "POINT (-117.071665 32.7747703)"
        }
    }, 
    {
        "pk": 16, 
        "model": "whatsgoodly.university", 
        "fields": {
            "name": "Santa Clara University", 
            "name_short": "SCU", 
            "radius": "0.644", 
            "email_domain": "@scu.edu",
            "location": "POINT (-121.9389875 37.3496418)"
        }
    }, 
    {
        "pk": 17, 
        "model": "whatsgoodly.university", 
        "fields": {
            "name": "Southern Methodist University", 
            "name_short": "SMU", 
            "radius": "0.886", 
            "email_domain": "@smu.edu",
            "location": "POINT (-96.7845175 32.8412178)"
        }
    }, 
    {
        "pk": 18, 
        "model": "whatsgoodly.university", 
        "fields": {
            "name": "Stanford University", 
            "name_short": "Stanford", 
            "radius": "1.449", 
            "email_domain": "@stanford.edu", 
            "location": "POINT (-122.169719 37.4274745)"
        }
    }, 
    {
        "pk": 19, 
        "model": "whatsgoodly.university", 
        "fields": {
            "name": "Tulane University", 
            "name_short": "Tulane", 
            "radius": "0.805", 
            "email_domain": "@tulane.edu",
            "location": "POINT (-90.1207279 29.9403477)"
        }
    }, 
    {
        "pk": 20, 
        "model": "whatsgoodly.university", 
        "fields": {
            "name": "Univeristy of Pennsylvania", 
            "name_short": "Penn", 
            "radius": "1.208", 
            "email_domain": "@upenn.edu",
            "location": "POINT (-75.1932137 39.9522188)"
        }
    }, 
    {
        "pk": 21, 
        "model": "whatsgoodly.university", 
        "fields": {
            "name": "Univeristy of Wisconsin-Madison", 
            "name_short": "Wisco", 
            "radius": "2.415", 
            "email_domain": "@wisc.edu",
            "location": "POINT (-89.4124875 43.076592)"
        }
    }, 
    {
        "pk": 22, 
        "model": "whatsgoodly.university", 
        "fields": {
            "name": "University of Alabama", 
            "name_short": "Bama", 
            "radius": "1.449", 
            "email_domain": "@ua.edu",
            "location": "POINT (-87.5391418 33.2140233)"
        }
    }, 
    {
        "pk": 23, 
        "model": "whatsgoodly.university", 
        "fields": {
            "name": "University of California, Berkeley", 
            "name_short": "Cal", 
            "radius": "1.61", 
            "email_domain": "@berkeley.edu",
            "location": "POINT (-122.2585399 37.8718992)"
        }
    }, 
    {
        "pk": 24, 
        "model": "whatsgoodly.university", 
        "fields": {
            "name": "University of California, Davis", 
            "name_short": "UC Davis", 
            "radius": "1.771", 
            "email_domain": "@ucdavis.edu",
            "location": "POINT (-121.758 38.532)"
        }
    }, 
    {
        "pk": 25, 
        "model": "whatsgoodly.university", 
        "fields": {
            "name": "University of California, Los Angeles", 
            "name_short": "UCLA", 
            "radius": "1.127", 
            "email_domain": "@ucla.edu",
            "location": "POINT (-118.4451811 34.068921)"
        }
    }, 
    {
        "pk": 26, 
        "model": "whatsgoodly.university", 
        "fields": {
            "name": "University of California, Santa Barbara", 
            "name_short": "UCSB", 
            "radius": "2.415", 
            "email_domain": "@ucsb.edu",
            "location": "POINT (-119.848947 34.4139629)"
        }
    }, 
    {
        "pk": 27, 
        "model": "whatsgoodly.university", 
        "fields": {
            "name": "University of Colorado Boulder", 
            "name_short": "Boulder", 
            "radius": "0.805", 
            "email_domain": "@colorado.edu",
            "location": "POINT (-105.2659417 40.00758099)"
        }
    }, 
    {
        "pk": 28, 
        "model": "whatsgoodly.university", 
        "fields": {
            "name": "University of Miami", 
            "name_short": "Miami", 
            "radius": "0.805", 
            "email_domain": "@miami.edu",
            "location": "POINT (-80.2781784 25.7179436)"
        }
    }, 
    {
        "pk": 29, 
        "model": "whatsgoodly.university", 
        "fields": {
            "name": "University of Michigan", 
            "name_short": "Michigan", 
            "radius": "4.024", 
            "email_domain": "@michigan.edu",
            "location": "POINT (-83.7382241 42.2780436)"
        }
    }, 
    {
        "pk": 30, 
        "model": "whatsgoodly.university", 
        "fields": {
            "name": "University of Oregon", 
            "name_short": "Oregon", 
            "radius": "0.805", 
            "email_domain": "@uoregon.edu",
            "location": "POINT (-123.0726055 44.0448302)"
        }
    }, 
    {
        "pk": 31, 
        "model": "whatsgoodly.university", 
        "fields": {
            "name": "University of Southern California", 
            "name_short": "USC", 
            "radius": "0.644", 
            "email_domain": "@usc.edu",
            "location": "POINT (-118.285117 34.0223519)"
        }
    }, 
    {
        "pk": 32, 
        "model": "whatsgoodly.university", 
        "fields": {
            "name": "University of Virginia", 
            "name_short": "UVA", 
            "radius": "2.415", 
            "email_domain": "@virginia.edu",
            "location": "POINT (-78.5079772 38.0335529)"
        }
    }, 
    {
        "pk": 33, 
        "model": "whatsgoodly.university", 
        "fields": {
            "name": "Vanderbilt University", 
            "name_short": "Vandy", 
            "radius": "0.805", 
            "email_domain": "@vanderbilt.edu",
            "location": "POINT (-86.8026551 36.1447034)" 
        }
    }, 
    {
        "pk": 34, 
        "model": "whatsgoodly.university", 
        "fields": {
            "name": "Wesleyan University", 
            "name_short": "Wes", 
            "radius": "1.127", 
            "email_domain": "@wesleyan.edu",
            "location": "POINT (-72.6569041 41.5566104)"
        }
    }
]
